PDB_Name,PDB_ID,Max_PDB_TM,RMSD,TM_Score,Length
length_140_8_82,8fwi.cif.gz_A,0.4465,8.381502928519772,0.5191213254448663,140
length_475_0_83,7z84.cif.gz_L,0.5097,7.954844880193133,0.6069502766826811,475
length_415_7_14,7r5j.cif.gz_K0,0.3864,19.216623619808367,0.523309866852268,415
length_275_9_89,7oms.cif.gz_DDD,0.7728,2.3229873940831185,0.8750140269763517,275
length_270_6_64,3dkc.cif.gz_A,0.7929,1.209693279914538,0.950895368945526,270
length_405_0_74,4lep.cif.gz_A,0.4277,10.738931790126545,0.5356540146401779,405
length_415_4_81,1gon.cif.gz_B,0.5218,2.4611481170021032,0.8874760902977339,415
length_145_1_89,7b7p.cif.gz_A,0.6285,1.187931189831967,0.922849708506327,145
length_260_7_48,3m1r.cif.gz_A,0.5282,1.8281200122814625,0.9074870950628868,260
length_150_5_58,6pzf.cif.gz_B,0.5225,4.7599006677251605,0.6149117684167507,150
length_125_9_28,8ff9.cif.gz_B,0.5671,0.8727508193339341,0.9525886942435082,125
length_280_7_9,8aua.cif.gz_B,0.6857,3.202519262221222,0.8811042064828772,280
length_360_0_78,3bv4.cif.gz_A,0.5183,8.49518329845027,0.7109446383869056,360
length_345_8_82,3ot5.cif.gz_C,0.4391,1.3141516887574758,0.9534391769032374,345
length_170_9_1,6vfi.cif.gz_A,0.546,0.950173299842164,0.956031338575235,170
length_120_4_94,7q83.cif.gz_D,0.7448,0.7205031331009022,0.9657772201219472,120
length_160_4_14,5f0k.cif.gz_B,0.6679,1.1816238545392586,0.9343680981511306,160
length_295_2_78,3jty.cif.gz_B,0.5149,6.891237125029756,0.5583768553281118,295
length_115_8_63,4nr9.cif.gz_A,0.9454,1.0244301332823924,0.9342185982845236,115
length_285_9_16,7whe.cif.gz_A,0.5137,4.6895108844906295,0.8216729285155656,285
length_270_4_35,3eif.cif.gz_A,0.6324,4.642497979673122,0.7598541836447187,270
length_130_6_87,4l4u.cif.gz_A,0.8225,0.6580643462041544,0.9708022744561084,130
length_320_1_2,5ks8.cif.gz_D,0.5408,4.88507497181289,0.7115500842294795,320
length_190_9_41,3kst.cif.gz_B,0.4393,5.566606074475444,0.613665198699798,190
length_220_9_68,5ok1.cif.gz_A,0.8517,1.1845926177977706,0.9471221728764186,220
length_300_8_74,6cgt.cif.gz_A,0.65,1.253154362488102,0.9519212130005184,300
length_355_3_13,8h59.cif.gz_A,0.8573,1.7308379153866145,0.9336281736489072,355
length_310_2_34,6d2w.cif.gz_B,0.657,2.411110970237075,0.8749032999434029,310
length_305_6_4,5y3x.cif.gz_F,0.6265,2.549644574428055,0.8566278536667488,305
length_325_4_79,5yj7.cif.gz_B,0.5559,1.7128484092646283,0.9220011975312122,325
length_235_9_49,4ay7.cif.gz_A,0.7036,3.218858553165827,0.8266335593339958,235
length_210_1_19,6m9u.cif.gz_A,0.6909,1.2348506734796507,0.9414242993432425,210
length_110_5_35,3uw9.cif.gz_A,0.9202,0.5766704813177992,0.9718784443881524,110
length_455_7_81,5yj7.cif.gz_B,0.5198,4.546172837021428,0.7805069470491968,455
length_360_2_91,6xte.cif.gz_A,0.6914,1.114622462107896,0.9684627121800417,360
length_340_5_79,8b8j.cif.gz_B,0.3983,6.375869093675998,0.6582930270389246,340
length_455_1_35,7yg4.cif.gz_A,0.3704,15.49386618540209,0.5154454503583252,455
length_295_9_3,6iwd.cif.gz_A,0.7049,1.7667181401264365,0.9159030494763414,295
length_185_3_22,3rag.cif.gz_A,0.6619,0.868781049287348,0.9583233045906006,185
length_460_2_59,5gpj.cif.gz_A,0.5132,13.747357183645509,0.5727021255217722,460
length_215_1_97,4lx4.cif.gz_D,0.6047,1.3383572366966805,0.9316238392924926,215
length_205_5_37,6wyo.cif.gz_B,0.6392,1.2836890128619447,0.9343401182768504,205
length_265_3_64,3zwt.cif.gz_A,0.5693,4.139446664514392,0.7628901508460719,265
length_185_2_19,5g56.cif.gz_A,0.4014,5.341069115984411,0.6183914660557963,185
length_190_0_83,7zq0.cif.gz_A,0.7879,2.4117620154895323,0.833639222223018,190
length_130_5_52,4tt6.cif.gz_A,0.9907,0.4417637381114954,0.9855751213088524,130
length_235_7_43,3u4c.cif.gz_A,0.591,7.609653209665679,0.6991093331453302,235
length_405_8_75,7zb1.cif.gz_D,0.4306,6.479917759913915,0.7056726180291044,405
length_355_6_20,8h59.cif.gz_A,0.8179,2.03627131995258,0.90850639988598,355
length_350_9_67,7z9t.cif.gz_AAA,0.9293,0.9799035924649344,0.9716958687728764,350
length_200_8_26,4jre.cif.gz_D,0.7154,0.8160848384067737,0.969942701273249,200
length_145_5_79,2vrw.cif.gz_B,0.6729,0.5749851865708562,0.9785030371909074,145
length_370_1_13,7osk.cif.gz_A,0.5856,2.483197411982001,0.8945208650040083,370
length_145_9_70,5b85.cif.gz_A,0.9113,0.8946896813635725,0.95247328509456,145
length_210_0_25,5v6p.cif.gz_B,0.482,3.1576481271140344,0.7931954946537878,210
length_240_0_84,4osp.cif.gz_D,0.498,6.096400341276991,0.695626859720686,240
length_200_0_56,4wh6.cif.gz_A,0.5901,7.042067150434932,0.6041700187753213,200
length_210_7_36,4av3.cif.gz_B,0.6101,1.1031597115271483,0.9499933157451372,210
length_340_6_22,1jqo.cif.gz_B,0.6355,3.624606276668894,0.7947151475567577,340
length_175_2_48,4qdi.cif.gz_A,0.6733,1.0840238625283276,0.9390723594707832,175
length_500_5_40,4av6.cif.gz_A,0.4917,10.571256493812797,0.5384132749136774,500
length_475_9_70,6afv.cif.gz_B,0.5242,14.651639683354071,0.5134645605808542,475
length_165_5_82,7pqa.cif.gz_BBB,0.5715,1.8726270179231888,0.8772163643214941,165
length_245_7_28,2wmg.cif.gz_A,0.7233,1.454746478595597,0.927594819379265,245
length_285_6_51,6qxa.cif.gz_B,0.5279,3.446943391370364,0.7759698520322379,285
length_205_2_23,8acq.cif.gz_A,0.479,16.898746464827205,0.5412034822037418,205
length_425_8_6,5vaq.cif.gz_A,0.4617,10.088024845930097,0.6328217516968465,425
length_200_7_73,6s6z.cif.gz_A,0.5159,8.61265947899032,0.5537724727850968,200
length_310_6_18,4a3y.cif.gz_A,0.5504,2.561181427101569,0.8615589884819953,310
length_425_5_43,1wp9.cif.gz_F,0.4165,4.147219334723308,0.804028819434868,425
length_500_7_43,5ywd.cif.gz_B,0.4916,11.502275754192793,0.5215470256906415,500
length_155_4_36,4xwg.cif.gz_A,0.6117,1.4549231005843684,0.9037214954511644,155
length_420_0_41,2wmj.cif.gz_A,0.5132,2.88687947554633,0.8687458986839851,420
length_485_9_17,6tng.cif.gz_A,0.4281,18.54039670597236,0.5104679087857592,485
length_220_8_1,7ajt.cif.gz_UT,0.6791,1.4479149130858957,0.9205340109626784,220
length_280_0_93,7mnd.cif.gz_A,0.8739,1.8352624952180565,0.904506273217606,280
length_265_1_11,5g2d.cif.gz_A,0.8353,1.0690513250210762,0.962095561753357,265
length_280_8_38,4o0t.cif.gz_A,0.8666,1.1701230986623912,0.955587653280503,280
length_105_2_55,3obf.cif.gz_B,0.5305,0.7655375725275176,0.9489556985694024,105
length_460_5_100,6khi.cif.gz_B,0.3765,14.77869994066948,0.5825382422437518,460
length_425_7_52,6qxa.cif.gz_B,0.4529,11.8806459655942,0.5400703382460762,425
length_440_9_63,6tjv.cif.gz_F,0.4682,11.674909128356388,0.5051847431173023,440
length_120_0_47,6yxy.cif.gz_BH,0.501,1.7046482836350658,0.8422244844775879,120
length_495_0_97,6jpf.cif.gz_B,0.3629,12.378481873682611,0.5186704187094734,495
length_425_2_73,4gpn.cif.gz_B,0.5757,3.3261353506185656,0.8362911487859457,425
length_360_4_54,6kht.cif.gz_C,0.6324,1.8342432542372928,0.9202173204304418,360
length_175_7_84,3rhf.cif.gz_D,0.5387,1.9954326956568875,0.8683031516596709,175
length_295_8_2,6hxf.cif.gz_B,0.8679,1.199337267771845,0.9626908053819664,295
length_310_8_52,2xhy.cif.gz_D,0.6698,3.0177803719740326,0.8611950740352806,310
length_105_1_38,7vwt.cif.gz_A,0.5639,0.657397359946854,0.9598599691500264,105
length_485_8_39,7lj9.cif.gz_D,0.4128,10.237126839070475,0.5375049290225813,485
length_300_7_100,8aul.cif.gz_A,0.5532,5.156930697022556,0.7761578202979048,300
length_320_4_86,5gpj.cif.gz_B,0.5329,1.737357781857694,0.9161110171529924,320
length_270_1_88,2y2w.cif.gz_C,0.6379,3.139399110547583,0.8153630512968845,270
length_140_6_13,3cwz.cif.gz_B,0.5025,5.478680521505773,0.5820969845105601,140
length_235_8_51,5k7v.cif.gz_A,0.6599,1.016103736112697,0.960553001893353,235
length_210_5_1,5dll.cif.gz_A,0.6537,0.9559855052905152,0.964086531582371,210
length_310_3_79,4y7i.cif.gz_B,0.4434,2.2023381872045302,0.8868392528634754,310
length_110_2_61,6mg6.cif.gz_C,0.7117,0.8670219533055035,0.936347295135648,110
length_345_1_36,6qxa.cif.gz_D,0.4951,1.2565915153322251,0.9584816119763756,345
length_185_1_3,3w9j.cif.gz_D,0.4923,7.259607654575696,0.5985789932204436,185
length_370_4_9,8b80.cif.gz_B,0.6175,2.5035783842719503,0.9095096667732854,370
length_340_0_59,6zz5.cif.gz_BBB,0.4291,6.882118075822674,0.6697974360566028,340
length_390_6_40,4hnv.cif.gz_A,0.5304,4.261369398853039,0.8131940760362308,390
length_270_9_14,7qoz.cif.gz_H,0.5761,2.4131875359147283,0.8569534046650114,270
length_150_3_52,5dm3.cif.gz_E,0.5365,0.9742525967871564,0.9407372335954866,150
length_390_3_99,5yke.cif.gz_B,0.4368,7.300193478159733,0.683634994099067,390
length_250_3_64,6cai.cif.gz_B,0.7347,2.3104531448358587,0.8760657520203197,250
length_360_3_53,5nh4.cif.gz_B,0.483,3.807611366564528,0.7864916346262588,360
length_500_8_45,8e73.cif.gz_5M,0.3603,13.60484666354706,0.5386527484968641,500
length_355_9_42,3wl0.cif.gz_A,0.523,2.7050447674244493,0.870425385154645,355
length_395_8_91,7pmo.cif.gz_G,0.5536,4.000577458725885,0.8214759308726165,395
length_180_8_9,5hwy.cif.gz_A,0.4705,2.1989924444273083,0.8478520703083322,180
length_270_8_85,2zzk.cif.gz_A,0.5596,2.705365163132662,0.8532887692121306,270
length_175_6_30,2wqa.cif.gz_F,0.9191,1.041529210631745,0.9435386341176364,175
length_205_7_35,3tsc.cif.gz_C,0.6732,1.3534272476767666,0.922931281880692,205
length_335_3_5,6iur.cif.gz_F,0.7041,1.27566159919644,0.9512387769070194,335
length_315_5_99,3nd2.cif.gz_A,0.6916,1.3542166483686966,0.9516591592476716,315
length_335_4_90,2w67.cif.gz_B,0.5287,5.578648083579043,0.7460843073122821,335
length_225_6_91,5xah.cif.gz_A,0.533,1.1001617393543368,0.955549743089136,225
length_100_2_46,3k2j.cif.gz_B,0.8747,0.8885607189976333,0.934694725892846,100
length_420_7_41,3hpx.cif.gz_A,0.4892,7.192701417213906,0.7317583890771531,420
length_250_1_72,1u5j.cif.gz_A,0.5525,4.733859262219945,0.683165025692797,250
length_440_0_84,6lem.cif.gz_A,0.4656,10.812048722925502,0.5866143531272087,440
length_470_6_12,6afy.cif.gz_B,0.5498,8.367865278895332,0.7174769738391287,470
length_160_1_1,8et8.cif.gz_A,0.5928,0.6867624570492363,0.974904576785682,160
length_400_7_74,4l61.cif.gz_A,0.4354,7.360227719370235,0.6554035477144318,400
length_230_7_21,5gmr.cif.gz_D,0.5677,5.119974071422612,0.6655365959442806,230
length_400_6_7,7rdr.cif.gz_A,0.4649,4.578592902250328,0.7380961266335676,400
length_225_0_37,6jtd.cif.gz_A,0.5717,0.8222254630753562,0.9729937426468508,225
length_215_5_61,5wmt.cif.gz_C,0.4851,3.157643046015134,0.8001844727761439,215
length_290_3_5,6bdn.cif.gz_A,0.8764,1.1990780607138594,0.9568459604469524,290
length_255_9_42,8auo.cif.gz_A,0.5867,1.9619121210784447,0.8953606556537036,255
length_325_3_3,3qlj.cif.gz_C,0.449,1.7031574596979877,0.924230890878045,325
length_195_0_2,5jdp.cif.gz_MODEL_4_A,0.555,6.534795222413394,0.5746202938536826,195
length_425_0_40,8f1e.cif.gz_A,0.6865,1.2379414413357444,0.9632434816146788,425
length_150_1_43,6y3l.cif.gz_MODEL_3_A,0.7144,1.2341885795459056,0.9222084416695016,150
length_220_2_100,3w3x.cif.gz_A,0.6318,1.0725417928166077,0.9536243882124424,220
length_160_6_75,6qp0.cif.gz_A,0.6241,1.5867966125554391,0.9096030011921334,160
length_365_8_80,6uij.cif.gz_A,0.5576,2.182054505642458,0.9005196621037033,365
length_460_4_65,7sp5.cif.gz_B,0.5099,2.5917309075274733,0.8933976431995566,460
length_315_7_41,3uzz.cif.gz_A,0.7034,2.001406743392315,0.9001581204733169,315
length_305_5_55,7rue.cif.gz_A,0.4655,7.06405982065335,0.6322355392408583,305
length_335_6_48,7ung.cif.gz_BM,0.5201,2.31052552123026,0.8867988584684571,335
length_185_6_74,3vvn.cif.gz_A,0.5479,0.9683833133305404,0.9573019694453182,185
length_275_6_22,5cxh.cif.gz_A,0.8991,0.8541160133116653,0.9720706362979852,275
length_315_2_35,6agz.cif.gz_A,0.6547,2.0166332327983256,0.9029921037168556,315
length_395_5_78,2xhy.cif.gz_A,0.5507,12.536773489906077,0.530728163975561,395
length_270_3_75,4n5a.cif.gz_A,0.6149,1.0108595110414866,0.9621289830262912,270
length_265_8_38,2amx.cif.gz_B,0.5096,0.7989410837668245,0.9769326238009588,265
length_300_5_89,2ivs.cif.gz_A,0.7875,1.5521058015406917,0.9311149823472378,300
length_500_0_20,5ywb.cif.gz_B,0.4392,8.663180565494251,0.5532235526699647,500
length_430_0_17,4av6.cif.gz_A,0.433,5.855451965930006,0.6910590495738533,430
length_245_0_19,4rup.cif.gz_A,0.7348,0.846124468525583,0.9733025929328116,245
length_350_4_5,5cjv.cif.gz_B,0.474,5.078109894433989,0.7118105069214653,350
length_295_3_74,6cip.cif.gz_E,0.404,9.391115511598327,0.5499503270399004,295
length_195_1_13,6zp4.cif.gz_A,0.7782,0.8239073185262049,0.9698625722971664,195
length_325_0_14,6l21.cif.gz_A,0.8823,1.1697698449448155,0.9582036824351188,325
length_490_2_49,8gzu.cif.gz_N5,0.476,11.669638570046883,0.5402569258228574,490
length_310_7_8,5yj7.cif.gz_B,0.7065,1.8093929001423184,0.9148491739238228,310
length_420_5_26,2zzk.cif.gz_A,0.4843,8.413121081789717,0.6482193204699254,420
length_320_5_11,3kx6.cif.gz_D,0.6571,3.2906961451662995,0.8301764572625829,320
length_480_9_20,1gnx.cif.gz_A,0.4489,11.551821444303194,0.5708146858845856,480
length_400_4_82,7f9o.cif.gz_Q,0.3927,13.832279460609202,0.5272334357035625,400
length_305_8_67,4eum.cif.gz_A,0.4918,3.128145098776167,0.8575685603004121,305
length_130_1_87,7akx.cif.gz_B,0.6517,0.7613789051014128,0.9629034364587694,130
length_360_7_80,5ixm.cif.gz_E,0.4135,9.891641506727227,0.6038224289789623,360
length_225_8_55,4ry8.cif.gz_D,0.5404,3.1420856015566248,0.807501676685481,225
length_320_2_26,3tjl.cif.gz_A,0.5032,1.5095254151698654,0.9379303100418096,320
length_360_1_66,7p6h.cif.gz_B,0.6317,1.6908977431967749,0.9328761583620232,360
length_320_7_52,1us2.cif.gz_A,0.6215,2.1896347555187177,0.8952430257054399,320
length_100_6_87,6ivl.cif.gz_C,0.7123,0.8487488781720767,0.9333761860477816,100
length_290_4_5,2dhh.cif.gz_B,0.455,2.650195783930982,0.8433867939074413,290
length_330_4_85,6l21.cif.gz_A,0.7756,1.530005009867716,0.9383672359500226,330
length_360_6_11,4u4t.cif.gz_A,0.411,4.37847268245952,0.7680426568386216,360
length_210_6_59,4m88.cif.gz_A,0.6655,1.205010260962539,0.939325914754961,210
length_175_9_30,7zs9.cif.gz_4,0.7068,1.56494361278102,0.8981072760474037,175
length_470_4_32,7mnn.cif.gz_B,0.4135,13.584605589877738,0.5680771102188297,470
length_370_5_66,1v3h.cif.gz_A,0.5237,3.00916718069088,0.8419953604152787,370
length_365_1_2,8b8q.cif.gz_A,0.3922,9.675072047810373,0.5576656951042581,365
length_310_9_4,7lr7.cif.gz_A,0.5439,3.000327964348831,0.836883538112059,310
length_285_7_66,4aql.cif.gz_A,0.5592,8.110346968253683,0.6828045926884226,285
length_185_5_54,6pqn.cif.gz_B,0.4909,3.635211992743978,0.7243061177433769,185
length_115_2_1,7jtk.cif.gz_L,0.4703,4.491367031937799,0.6266889533906236,115
length_345_3_100,4awe.cif.gz_A,0.6486,2.411645618494309,0.8806023241530112,345
length_170_7_13,7qy3.cif.gz_C,0.7253,1.191979162977727,0.9347182632109317,170
length_120_5_87,1e6k.cif.gz_A,0.8769,0.6850521832842617,0.9651192417245232,120
length_255_2_47,5exk.cif.gz_K,0.625,1.9705039485476472,0.8932808612332878,255
length_325_2_8,5nh4.cif.gz_B,0.6045,2.6798262261419588,0.8616677565313622,325
length_405_4_41,7eeb.cif.gz_L,0.5111,11.122704404131946,0.5514185460684862,405
length_110_4_61,6lqx.cif.gz_B,0.8569,0.6876118941351502,0.9598034762069348,110
length_380_6_94,1qw9.cif.gz_A,0.5222,6.628431055423728,0.698710304573858,380
length_480_0_10,2vnc.cif.gz_B,0.4961,12.037275927411896,0.5555740107736583,480
length_410_0_68,3w0l.cif.gz_D,0.4353,19.04855203491499,0.5271050824511362,410
length_465_3_84,4av3.cif.gz_B,0.4306,10.625917757410877,0.5000214660250817,465
length_125_3_57,5s9p.cif.gz_A,0.9748,0.7795650834163139,0.953279148306049,125
length_235_3_24,7f8x.cif.gz_A,0.4385,7.14111483701118,0.636377624452683,235
length_160_5_47,4q6w.cif.gz_A,0.6396,0.9144296754260888,0.9584336513920844,160
length_110_6_25,6wv4.cif.gz_A,0.6403,0.6933531188456633,0.9583177670963882,110
length_180_9_93,3w9u.cif.gz_A,0.6781,1.0521775330440972,0.9474969693306272,180
length_270_5_99,7kzt.cif.gz_V,0.4881,2.1049907970744908,0.8814302153149622,270
length_250_0_1,1dik.cif.gz_A,0.648,1.913763330069256,0.8999369769560835,250
length_180_1_80,2zyi.cif.gz_B,0.6029,0.966557539601226,0.9523451721796972,180
length_135_9_57,6ztq.cif.gz_N,0.6807,1.281651172019814,0.9127578284620717,135
length_495_8_88,4tpj.cif.gz_A,0.481,9.81839974368462,0.553488724520822,495
length_245_1_85,5vns.cif.gz_A,0.634,1.3417471657996,0.9362849814264932,245
length_315_6_25,1qvb.cif.gz_B,0.5028,5.318887653760441,0.7133710552474951,315
length_350_5_13,6lzl.cif.gz_A,0.4708,10.307106871504844,0.6113815567785466,350
length_300_1_33,4eam.cif.gz_A,0.5767,2.155936840672589,0.885971585793123,300
length_105_9_27,3uw9.cif.gz_A,0.9492,0.5722043937947056,0.9727094005041672,105
length_495_2_67,6aft.cif.gz_B,0.4354,15.481318867375265,0.5451530320839731,495
length_445_7_14,7w4o.cif.gz_B,0.4907,8.569720472403215,0.5638560048490345,445
length_245_8_55,3no5.cif.gz_E,0.749,1.379445492443872,0.9331808350391632,245
length_265_0_21,5vpq.cif.gz_B,0.8263,1.994709592667688,0.8978344906168293,265
length_305_4_63,2wmk.cif.gz_A,0.6917,0.8444567737665779,0.9769314357331392,305
length_365_5_15,3w53.cif.gz_A,0.5959,5.733025628889045,0.7479017553907797,365
length_290_8_89,7oi1.cif.gz_B,0.4875,9.191712879895746,0.6018204868682508,290
length_210_9_6,6n8y.cif.gz_A,0.8867,1.340983171800059,0.9307505155714316,210
length_385_2_71,4atl.cif.gz_A,0.46,5.49683671447897,0.7364345934934627,385
length_105_4_71,4f9z.cif.gz_E,0.7854,0.7119208826614202,0.9551139826318192,105
length_430_6_67,5y50.cif.gz_A,0.4288,12.551286727913023,0.5474642771224576,430
length_165_6_38,4k0j.cif.gz_D,0.6158,1.1101552090036362,0.9370766905566232,165
length_360_8_32,4faa.cif.gz_A,0.4395,9.223564931613796,0.6027458754172584,360
length_105_8_87,7vu4.cif.gz_A,0.7977,0.6860683534505411,0.9591703975579466,105
length_455_2_14,5lzr.cif.gz_B,0.4822,9.527103413031888,0.5643595488150877,455
length_380_7_21,5ul2.cif.gz_A,0.5287,3.016066311028569,0.8488868385644857,380
length_300_0_39,6lf6.cif.gz_A,0.5494,11.03377025448586,0.6028400330820651,300
length_330_3_71,8e9h.cif.gz_M,0.4899,4.26601975193163,0.8044035242431087,330
length_260_4_84,5oge.cif.gz_D,0.451,5.611311258009972,0.6755307905092398,260
length_415_6_1,2wze.cif.gz_B,0.5356,2.301560389196348,0.8976554986387085,415
length_160_3_68,5in4.cif.gz_B,0.7454,1.217656956685092,0.9200887038148784,160
length_195_2_10,3s29.cif.gz_A,0.656,1.567213675139614,0.9159659158728818,195
length_270_0_76,6ybz.cif.gz_B,0.6936,0.9605332073099716,0.9702445202313816,270
length_220_1_77,1q7t.cif.gz_B,0.5862,0.7941760792817423,0.9737811174067136,220
length_240_7_24,3bnj.cif.gz_A,0.4583,0.919174268864384,0.9659454319157714,240
length_165_8_98,6k8v.cif.gz_A,0.7848,0.7826958066864942,0.9625040855084166,165
length_395_4_78,7evh.cif.gz_A,0.4669,7.570002904936148,0.6238366599415027,395
length_150_8_61,7oh2.cif.gz_B,0.5979,2.2444815201463704,0.8283808666704681,150
length_485_5_63,4iug.cif.gz_A,0.3931,13.753574710305006,0.5436959750111088,485
length_120_1_13,1wde.cif.gz_A,0.5584,2.52985265282356,0.8249563921202028,120
length_255_6_86,7rdr.cif.gz_A,0.6931,1.0118397649422757,0.9657598692084274,255
length_290_5_32,6krx.cif.gz_A,0.7742,2.9983704436339265,0.8469987613321766,290
length_150_0_67,4jc8.cif.gz_B,0.5607,1.0589974584008377,0.9365894602811984,150
length_105_3_6,1t98.cif.gz_B,0.7094,0.5747367250832468,0.968658393263557,105
length_490_5_3,8oj9.cif.gz_A,0.3794,15.354961484598906,0.5238383710223288,490
length_180_0_67,6zog.cif.gz_C,0.49,1.165865374230619,0.9384772666539828,180
length_355_2_36,1v03.cif.gz_A,0.6554,1.986519829937733,0.9076135165897096,355
length_265_2_54,1i9c.cif.gz_D,0.7204,1.4703669745390675,0.9301736764088044,265
length_110_9_37,6ffg.cif.gz_A,0.9888,0.4370017313262286,0.9837195748794064,110
length_205_6_56,5mlh.cif.gz_A,0.5736,6.7955057847084746,0.7122158889746107,205
length_165_4_29,3l39.cif.gz_A,0.5972,0.6689640380285788,0.977312426748998,165
length_305_2_59,3a3k.cif.gz_B,0.5454,1.2098149644344574,0.9551755655568668,305
length_330_8_48,6agq.cif.gz_D,0.3936,7.607877291037449,0.640689737793624,330
length_165_2_37,6su7.cif.gz_C,0.7446,0.8943085222515342,0.9588073951714324,165
length_305_7_78,4d6e.cif.gz_A,0.691,2.473974999666092,0.8799510902102091,305
length_350_3_29,7dvq.cif.gz_1,0.6323,2.574765575654074,0.8957063434495777,350
length_160_7_67,3ebb.cif.gz_C,0.6518,1.320874111257856,0.9159039211847932,160
length_150_4_85,1u80.cif.gz_C,0.6455,1.6500524237648273,0.8751454852230915,150
length_130_4_1,1oub.cif.gz_A,0.9918,0.4383598463287597,0.98678326911738,130
length_190_6_96,2b2h.cif.gz_A,0.4749,0.9100430272264004,0.9630500585823548,190
length_260_0_21,2bb0.cif.gz_B,0.5959,3.028232786141152,0.8180427647430922,260
length_420_3_11,1lsh.cif.gz_A,0.5255,3.399810081575011,0.8775228253057284,420
length_460_0_1,5a6a.cif.gz_A,0.375,10.70978260498077,0.5794704636163024,460
length_280_5_22,3icf.cif.gz_B,0.4211,6.26311116329128,0.6258382503150138,280
length_355_8_56,4f06.cif.gz_A,0.5725,2.0795711452257155,0.9078199156460478,355
length_175_8_12,7lzh.cif.gz_D,0.6283,1.984895711978789,0.9102792220325596,175
length_350_2_30,1rhc.cif.gz_A,0.4731,0.9548853705873026,0.9761486871164498,350
length_325_6_2,4d71.cif.gz_A,0.5945,4.172064189367198,0.8061692065670514,325
length_155_3_7,6nuw.cif.gz_H,0.7237,0.6914238448647295,0.9727801795637596,155
length_295_4_3,4i8n.cif.gz_A,0.9499,0.8522814415192184,0.9773647395936116,295
length_420_8_1,2zb2.cif.gz_A,0.3892,7.903824898000795,0.6580583578452226,420
length_395_7_25,2pbg.cif.gz_A,0.5521,2.786389863480625,0.8927542508359864,395
length_460_6_38,6qxa.cif.gz_D,0.502,4.550766420380046,0.7640143719914229,460
length_435_4_77,6gya.cif.gz_D,0.521,3.5071454310355508,0.8369714984329025,435
length_335_8_5,7z7s.cif.gz_L,0.4657,12.950194340001362,0.5241497274581935,335
length_490_1_85,3air.cif.gz_A,0.4727,11.186356793813268,0.5969128317512248,490
length_320_9_14,6u2t.cif.gz_C,0.6935,3.0452659896593737,0.8432844700716811,320
length_240_8_6,3fax.cif.gz_A,0.5623,5.093286175212496,0.7540479313970356,240
length_215_6_64,3i3o.cif.gz_H,0.6216,1.978654618566935,0.905402903231383,215
length_190_3_95,4fkz.cif.gz_A,0.6951,1.1439609801823385,0.9391669447474326,190
length_310_5_95,5la4.cif.gz_A,0.5383,6.655601930117446,0.760843384784936,310
length_290_7_46,6hxf.cif.gz_C,0.8741,1.0404446832477576,0.9639561719357542,290
length_425_3_45,7l74.cif.gz_B,0.5542,3.4701646057675264,0.8416736085477328,425
length_455_0_72,1vbh.cif.gz_A,0.4107,9.9839339163141,0.6586040479813086,455
length_265_7_10,4tmc.cif.gz_D,0.5753,1.19082915098323,0.9500683116316794,265
length_115_5_80,4nr9.cif.gz_A,0.9499,0.9558765155011988,0.935204554106084,115
length_400_9_56,7wag.cif.gz_A,0.5125,6.42596117978578,0.7418087167142609,400
length_300_3_89,2ckf.cif.gz_E,0.3987,10.045817713072866,0.5390530258371579,300
length_120_3_32,7bbp.cif.gz_DDD,0.7744,1.400841457123447,0.8856537532905931,120
length_480_7_34,5ykf.cif.gz_B,0.3433,13.944876539089158,0.5522327587468507,480
length_140_7_37,5cwl.cif.gz_B,0.8339,0.7849939242096204,0.9615416424023572,140
length_135_8_87,4zjp.cif.gz_A,0.6904,1.2695751331108034,0.9444477852820024,135
length_435_1_11,6qxa.cif.gz_D,0.4738,7.313444467938976,0.700634436056634,435
length_290_2_8,1ql6.cif.gz_A,0.846,1.142561259978684,0.9603986911027456,290
length_395_2_16,6z6f.cif.gz_A,0.4812,4.978368984631141,0.7340837986409756,395
length_225_3_72,6bcu.cif.gz_W,0.6608,0.9112255585623104,0.9665270066231784,225
length_190_5_33,5o0j.cif.gz_A,0.6465,1.2732253642459397,0.9287466364050468,190
length_255_0_17,1rh9.cif.gz_A,0.7386,5.4736687607208125,0.6842439221837684,255
length_285_3_85,2igt.cif.gz_C,0.4448,5.543317791607356,0.6803641740656909,285
length_125_2_78,5s9p.cif.gz_A,0.987,0.6569445169053757,0.9681726087018802,125
length_295_5_45,7m1r.cif.gz_D,0.5469,3.018237270468516,0.8576406325887043,295
length_210_4_67,7n7p.cif.gz_B,0.6068,1.3378419663675505,0.9317298208240092,210
length_435_0_49,1rh9.cif.gz_A,0.552,2.6909924478276914,0.88860504430188,435
length_450_8_33,5y50.cif.gz_A,0.4828,3.857289125059944,0.8288078504929263,450
length_240_5_99,4hes.cif.gz_A,0.4721,8.664204702310712,0.5808910460470981,240
length_130_8_38,2oax.cif.gz_B,0.522,3.475770474289764,0.6906109214584852,130
length_195_7_70,8jd0.cif.gz_3,0.6492,1.0343913883591598,0.9499378628471962,195
length_145_8_14,4twu.cif.gz_A,0.8214,0.877963020593821,0.9528034678989316,145
length_130_3_14,1uqr.cif.gz_F,0.6818,0.9887173298901294,0.9355498467378092,130
length_110_1_88,6fff.cif.gz_A,0.9893,0.3967784054339506,0.9860551882584416,110
length_270_2_99,3o38.cif.gz_D,0.5501,2.2944060112129026,0.8968140303401658,270
length_365_3_83,2xfy.cif.gz_A,0.6648,1.4634704386863315,0.946978260168127,365
length_215_3_34,7f8h.cif.gz_B,0.5014,2.4767114600858164,0.8224570962174937,215
length_135_0_6,5h7c.cif.gz_C,0.7082,1.1468028970292052,0.9243959864464976,135
length_205_1_20,3oet.cif.gz_H,0.6271,3.9160257902813886,0.7707530008281868,205
length_235_1_57,2g5w.cif.gz_A,0.683,3.140447951047881,0.7949968007789542,235
length_330_7_8,6t8f.cif.gz_C,0.6713,1.3483990124388827,0.9459628985709906,330
length_445_2_45,3wfb.cif.gz_B,0.44,8.877405118208204,0.541497762613562,445
length_430_2_69,4lgl.cif.gz_B,0.4276,10.014495711292287,0.5192848708616459,430
length_355_5_47,1t7l.cif.gz_B,0.4964,5.872429520581052,0.7016988092278368,355
length_185_7_98,3lp5.cif.gz_A,0.7198,0.9466745872362072,0.9525819399935566,185
length_280_4_58,4xqk.cif.gz_B,0.5292,2.994814502831622,0.8420279418205124,280
length_205_9_26,7zs9.cif.gz_4,0.537,1.110454660543171,0.9491313393428336,205
length_150_6_38,7o71.cif.gz_2,0.6656,0.7689315784753188,0.9661623954978116,150
length_140_2_32,5h8z.cif.gz_A,0.5481,3.339299109657647,0.7266960358872556,140
length_115_6_63,4nr9.cif.gz_A,0.9491,0.9696284905728272,0.935869084185974,115
length_225_4_26,2zfn.cif.gz_A,0.4243,9.139286362095277,0.6223562498387971,225
length_310_4_32,4av6.cif.gz_A,0.5484,1.100279301764144,0.9632689888790672,310
length_155_1_100,3agb.cif.gz_B,0.4841,4.650395606385655,0.6904533457680915,155
length_425_4_56,6wiu.cif.gz_P,0.5144,10.604677134419925,0.5948251573821303,425
length_440_5_51,1a0c.cif.gz_A,0.5334,3.396236358561226,0.8410176864403536,440
length_135_4_52,2f0l.cif.gz_A,0.986,0.5491567419985407,0.9804866730056652,135
length_245_2_72,3ijr.cif.gz_B,0.5931,1.3150012664202004,0.9364525186066892,245
length_105_0_95,5xmj.cif.gz_A,0.4897,3.7133373429848455,0.6275749704056545,105
length_315_0_59,3hpz.cif.gz_B,0.6308,1.740991297487671,0.9234605632915616,315
length_460_3_82,6qxa.cif.gz_D,0.5686,7.582719555294392,0.6192409318816846,460
length_160_2_52,3ql0.cif.gz_A,0.9433,0.9837383788490776,0.9481679879625377,160
length_315_9_24,7mbf.cif.gz_E,0.7286,2.2860003272935057,0.8823689830754052,315
length_375_2_9,1ado.cif.gz_A,0.4625,9.069120727255648,0.5195154656787802,375
length_200_4_62,7u59.cif.gz_A,0.5049,10.302136089675676,0.565262149493739,200
length_400_1_66,7wds.cif.gz_A,0.4264,7.873438378499019,0.7573084433185611,400
length_105_6_26,8fky.cif.gz_NA,0.7207,0.8483301385506699,0.9381484830393664,105
length_285_0_33,4bz7.cif.gz_C,0.5754,1.646475114261512,0.91874271834961,285
length_125_4_45,7rui.cif.gz_A,0.943,0.9010456650885096,0.945118634381788,125
length_370_7_47,6qxa.cif.gz_A,0.5301,10.656522200453754,0.5264761262571004,370
length_110_7_29,1sj8.cif.gz_A,0.8361,0.9579090280705902,0.9342742563613332,110
length_275_0_1,3f2a.cif.gz_A,0.9022,1.1499835775636054,0.9544971690031728,275
length_260_5_46,7o25.cif.gz_A,0.6912,5.583005410532152,0.6801966099416649,260
length_320_0_94,4d6d.cif.gz_A,0.7012,2.050120905357425,0.8971784927680965,320
length_120_7_92,3guc.cif.gz_B,0.7082,0.7337589367113437,0.9547761950919346,120
length_225_9_72,1t34.cif.gz_B,0.5723,3.818238118000427,0.8146125310922497,225
length_335_1_64,6s7p.cif.gz_A,0.5482,4.815845898573381,0.7995319371259331,335
length_260_9_83,6cz1.cif.gz_A,0.4657,0.7642368458241595,0.9782773692012414,260
length_275_2_31,3ika.cif.gz_A,0.9007,0.858958931814164,0.972723909360374,275
length_480_5_72,4lz9.cif.gz_A,0.3617,17.886134328988344,0.547753296097978,480
length_205_4_27,1sa0.cif.gz_A,0.641,1.4511266979984152,0.918167658489514,205
length_415_9_75,4av3.cif.gz_A,0.4647,14.22568877660268,0.5757593148741762,415
length_385_5_66,1sr9.cif.gz_B,0.5126,5.000087997109369,0.732271126512461,385
length_135_3_44,2ks6.cif.gz_MODEL_11_A,0.5386,3.4706020371523465,0.7202795209516475,135
length_245_5_64,8bh1.cif.gz_B,0.7878,1.252764305792872,0.9412283199772352,245
length_250_8_37,8g3d.cif.gz_IM,0.5417,1.2090607949996663,0.9475057102311584,250
length_470_9_49,7wtd.cif.gz_A,0.4221,11.533394584901044,0.5446086793356414,470
length_430_9_63,6u2t.cif.gz_B,0.4928,5.830449612693094,0.7340903944415822,430
length_190_1_94,5w3f.cif.gz_B,0.6163,1.4012104722923733,0.9196068423667936,190
length_330_6_37,5gup.cif.gz_B,0.4437,4.550162411334059,0.7646286098612792,330
length_280_2_72,3zu3.cif.gz_A,0.5299,2.523291808702517,0.878518150396768,280
length_380_8_22,1wdr.cif.gz_A,0.6014,1.4073351197649653,0.9506465696449224,380
length_135_2_78,2f0l.cif.gz_A,0.9837,0.6358773290706151,0.972949352380035,135
length_175_4_9,4bz5.cif.gz_C,0.5435,2.1836302586227223,0.8271931702758711,175
length_385_8_53,5dt5.cif.gz_C,0.5935,3.8371403213508977,0.8009538742405669,385
length_200_5_92,8jd4.cif.gz_2,0.488,9.502069635067553,0.6378671558432155,200
length_315_3_15,2pdl.cif.gz_A,0.6899,2.748616471925557,0.8474885685224927,315
length_100_9_40,2lv8.cif.gz_MODEL_15_A,0.7844,0.5555364569931034,0.9718436128113592,100
length_155_2_27,1y8c.cif.gz_A,0.5345,2.0886184446559817,0.8324962819381627,155
length_145_6_78,5kkx.cif.gz_B,0.5975,5.672843460188877,0.6043524661629283,145
length_275_7_4,6hxf.cif.gz_C,0.91,1.1989724453956137,0.9504787353151392,275
length_415_3_77,1veo.cif.gz_A,0.5767,9.921752712413785,0.5855368358010232,415
length_435_2_81,5nh4.cif.gz_B,0.5251,3.2178208639547274,0.859333608306617,435
length_150_9_5,4ohs.cif.gz_C,0.4375,8.84248319462639,0.5520235525202244,150
length_375_8_26,1pbg.cif.gz_B,0.556,2.037358954371664,0.910551354998421,375
length_120_6_43,4d6x.cif.gz_D,0.859,0.5673372532958685,0.9763872171092182,120
length_180_7_7,2f9m.cif.gz_A,0.8212,1.154971733299028,0.9366308795860244,180
length_495_6_93,6afw.cif.gz_B,0.4023,12.180100154654086,0.6063885934420042,495
length_310_1_98,3tw6.cif.gz_D,0.4976,3.430851714197702,0.8041485730627861,310
length_410_5_4,6afw.cif.gz_B,0.5381,8.531778881337804,0.6517845356459182,410
length_125_6_67,8b5b.cif.gz_B,0.9424,0.9265454758786598,0.9372765095455712,125
length_185_0_76,6n91.cif.gz_A,0.6187,3.4488122587399324,0.8426114173291555,185
length_405_6_13,6v3o.cif.gz_D,0.5726,3.2499866657650167,0.849825929269188,405
length_250_4_81,7ajt.cif.gz_UT,0.7126,0.8403527560877976,0.9745572634766808,250
length_490_9_79,7rdr.cif.gz_A,0.4592,8.87147643982121,0.6371615577135058,490
length_465_7_8,4qlb.cif.gz_A,0.3708,12.518612889148004,0.6061224748491073,465
length_285_1_83,5ume.cif.gz_D,0.517,2.578007315012908,0.8673502862484405,285
length_480_2_45,5gpj.cif.gz_D,0.4834,16.486153334206282,0.5252421832033403,480
length_410_6_43,7wag.cif.gz_A,0.524,9.318034025493471,0.5299423078259361,410
length_425_9_73,5b3h.cif.gz_E,0.3948,5.860077774147418,0.7020477475846932,425
length_305_1_65,7f3a.cif.gz_A,0.5141,2.6354179334972154,0.8572552071326697,305
length_125_1_74,5u73.cif.gz_A,0.6204,1.0422746735998574,0.9269002360105616,125
length_430_8_29,8oje.cif.gz_B,0.4415,6.752464370922227,0.657194734274972,430
length_125_7_38,5s9p.cif.gz_A,0.9777,0.7493547247924741,0.9574844832590684,125
length_245_4_29,6ziv.cif.gz_HHH,0.7695,1.3646195184068273,0.936195542610234,245
length_340_8_44,3zkv.cif.gz_A,0.7256,1.5727115232808684,0.9395786432645128,340
length_410_9_72,3icj.cif.gz_A,0.4786,8.619120783560374,0.6919603586809004,410
length_230_3_75,8f7a.cif.gz_A,0.5649,3.5196874179592617,0.782142534392838,230
length_250_7_22,1rh9.cif.gz_A,0.763,2.0298541658300304,0.8848686684775333,250
length_110_3_71,3uw9.cif.gz_A,0.9231,0.7101475534668067,0.96030897421521,110
length_205_3_26,7xzn.cif.gz_A,0.6127,1.125824531836256,0.9483165150352704,205
length_365_7_64,1v02.cif.gz_E,0.5118,2.464410727642127,0.8979473811280473,365
length_400_3_75,8bgw.cif.gz_A,0.5547,4.900103023233622,0.7273574548753153,400
length_175_5_8,2f9m.cif.gz_A,0.8661,1.1193743935999367,0.9384952043027376,175
length_220_7_87,3lvs.cif.gz_A,0.5064,9.681067516018818,0.5947392713495194,220
length_240_3_85,3e2r.cif.gz_A,0.568,5.857457082929067,0.7420790473841882,240
length_395_1_9,7xex.cif.gz_A,0.4243,11.368040098310304,0.569643472722228,395
length_225_2_28,6yg8.cif.gz_C,0.4478,1.4693160921537354,0.932513518154186,225
length_450_2_73,6s7p.cif.gz_A,0.5311,6.065212690884326,0.6899637859775032,450
length_135_1_64,7fwq.cif.gz_A,0.9439,0.6484889026474028,0.969905456364968,135
length_305_3_34,6hp2.cif.gz_A,0.5676,3.061960755941324,0.82174273915769,305
length_350_6_19,7uaa.cif.gz_E,0.4809,13.236244195183025,0.5181484753782086,350
length_390_1_3,8ex6.cif.gz_A,0.4467,12.33396322875584,0.509001958573617,390
length_170_5_65,6wil.cif.gz_A,0.521,1.2746771539876254,0.9221838075764782,170
length_150_2_27,7l05.cif.gz_D,0.6561,0.9557680313302688,0.950144947571546,150
length_250_9_68,1h5y.cif.gz_A,0.7346,1.306784703261646,0.940096840264128,250
length_375_0_43,6xrk.cif.gz_B,0.5291,5.326104624248467,0.8095731752799529,375
length_235_0_29,5tjr.cif.gz_E,0.6128,1.561526498744965,0.9149747606343202,235
length_495_3_91,4ha3.cif.gz_A,0.4921,16.376892599846922,0.5145881142898137,495
length_480_8_89,5nh4.cif.gz_B,0.4791,4.160581722323767,0.8177741426141921,480
length_305_9_36,4m3p.cif.gz_B,0.6791,9.692485456155982,0.6510270049718665,305
length_145_4_4,4e1t.cif.gz_A,0.643,1.1778735107701788,0.9180874548924812,145
length_355_4_39,3ais.cif.gz_A,0.5415,3.208837483677591,0.8337497110238065,355
length_230_9_88,3s55.cif.gz_F,0.5142,1.7784247083305869,0.9008904014762894,230
length_445_5_25,4ha3.cif.gz_A,0.4216,5.750662304709241,0.7149154664570054,445
length_230_4_35,2cw6.cif.gz_D,0.583,1.609133524413474,0.9134232098090426,230
length_170_0_33,7y4a.cif.gz_G,0.9072,0.9508891875156156,0.9516975773350624,170
length_370_2_14,7zk6.cif.gz_A,0.5099,5.3440382881972806,0.6939085075175814,370
length_110_8_38,2vyy.cif.gz_A,0.919,0.6720362394849241,0.9639016071681478,110
length_215_9_43,5k0g.cif.gz_B,0.8928,0.8952237785256686,0.9653083342476984,215
length_455_5_42,5gpj.cif.gz_C,0.512,12.869663569388404,0.5083091057713349,455
length_160_8_62,8jcz.cif.gz_2,0.4805,4.61949631585254,0.64576030879937,160
length_165_7_25,7ppo.cif.gz_C,0.6042,0.4537124272698365,0.9885191468115074,165
length_295_1_92,4q3r.cif.gz_A,0.5046,2.8039007696077385,0.8411912452884328,295
length_285_5_67,7poz.cif.gz_A,0.5627,2.183835913649617,0.8882068944179535,285
length_235_4_16,8d9w.cif.gz_O,0.5426,1.665870764762482,0.9138283720604676,235
length_490_7_75,1xr2.cif.gz_A,0.4162,6.369479814991354,0.7703888436132569,490
length_400_2_79,5k1r.cif.gz_A,0.4455,1.931339852162608,0.9245809404275608,400
length_345_5_30,7qef.cif.gz_B,0.471,8.20439081931139,0.644794035283022,345
length_205_0_84,6oqh.cif.gz_MODEL_10_A,0.4837,8.519306492775332,0.5164304761602128,205
length_225_7_39,6lm0.cif.gz_B,0.7631,1.088804224731871,0.949321241815524,225
length_255_7_31,3rmj.cif.gz_A,0.7478,2.540126585496416,0.8777521798527046,255
length_280_6_1,6lod.cif.gz_F,0.4727,0.9575304891844416,0.9672179965399949,280
length_165_0_55,4xvh.cif.gz_A,0.6204,5.126942509250525,0.6875388324490868,165
length_420_1_74,7rdr.cif.gz_A,0.4554,8.887037729348556,0.5296875434639178,420
length_330_5_49,6z1c.cif.gz_A,0.8472,1.1680877487641532,0.9602738386372884,330
length_260_1_29,3gqb.cif.gz_A,0.5157,1.999184899605996,0.8787044313939308,260
length_500_6_71,7l74.cif.gz_B,0.4805,7.169689130592088,0.7422877505326764,500
length_215_2_68,7z80.cif.gz_N,0.5202,0.9953656764221382,0.9581003401723132,215
length_370_9_38,1e6n.cif.gz_B,0.4363,1.525227987778316,0.9448308886865692,370
length_190_7_99,1zyz.cif.gz_A,0.5344,2.045562208809358,0.856106467748295,190
length_380_2_74,6afu.cif.gz_B,0.4496,4.286407424101831,0.7831128539707441,380
length_175_0_50,5cwl.cif.gz_B,0.7212,0.8227524039842745,0.9672101476128908,175
length_265_5_57,5dr2.cif.gz_A,0.9297,0.794858784038887,0.9766830410355404,265
length_380_0_100,1a0d.cif.gz_A,0.591,3.517977578441839,0.8235233268402458,380
length_135_7_2,4k8j.cif.gz_A,0.9846,0.5946362360016565,0.977261154854818,135
length_460_1_2,6afu.cif.gz_B,0.479,11.684945065387412,0.5634218858464349,460
length_340_7_50,3zrm.cif.gz_A,0.6808,1.4725261565022525,0.9444733532465942,340
length_350_0_30,4ewq.cif.gz_A,0.9248,1.0213278406779276,0.9698827715850648,350
length_105_5_81,4lo6.cif.gz_B,0.7608,1.3937016189672715,0.8710723502577635,105
length_370_8_16,5lu4.cif.gz_B,0.5407,7.379949673116477,0.7465714795650241,370
length_195_6_39,6qtb.cif.gz_D,0.6533,1.9141070873492645,0.8697581491101274,195
length_140_3_8,2ypl.cif.gz_A,0.4719,1.449572023610405,0.9008614144471144,140
length_125_8_81,5s9p.cif.gz_A,0.9855,0.6208455597653055,0.9697545618930814,125
length_275_8_27,2bzh.cif.gz_B,0.8773,1.1692271515412214,0.9536616307037122,275
length_390_2_71,6kdc.cif.gz_A,0.6187,2.896774127701173,0.8792258976577968,390
length_390_0_75,5xah.cif.gz_A,0.3854,5.638776513957991,0.7495944587170498,390
length_100_1_15,2mjv.cif.gz_MODEL_20_B,0.7299,2.961359483003036,0.7553329858274,100
length_190_2_52,4a0g.cif.gz_A,0.545,3.6471954521506658,0.800528061228907,190
length_160_0_63,6vcj.cif.gz_D,0.785,1.5918028252181518,0.8982264974114159,160
length_270_7_8,6efw.cif.gz_A,0.5159,2.4944250113225017,0.8543703800208627,270
length_330_0_82,2ccr.cif.gz_A,0.5356,3.367669290534004,0.8174972053101687,330
length_155_5_5,6gn5.cif.gz_A,0.6675,1.2862100682671678,0.919329464867682,155
length_115_3_77,4l85.cif.gz_C,0.8662,0.5933588549036902,0.9739874746708944,115
length_275_5_47,3bkb.cif.gz_A,0.9106,1.0832269091349929,0.9588221911704016,275
length_335_0_59,7m1r.cif.gz_D,0.5216,5.500105138053124,0.7298570161748131,335
length_115_4_63,4nr9.cif.gz_A,0.9463,1.0272302137549174,0.9345975185966036,115
length_345_2_31,7ysw.cif.gz_A,0.5925,2.587289445623937,0.8662013411360152,345
length_275_4_18,3ika.cif.gz_A,0.8952,1.1175571869986691,0.9573563410146704,275
length_320_3_63,7lz8.cif.gz_C,0.5344,2.117874166065691,0.8973065853212088,320
length_320_6_42,1zua.cif.gz_X,0.6724,3.4224908357523454,0.8731343383545432,320
length_105_7_8,3pt8.cif.gz_B,0.5961,0.6747873052539787,0.9632051306984636,105
length_330_1_25,1bqc.cif.gz_A,0.5442,5.151743130988413,0.7133294546579649,330
length_415_2_91,6yn7.cif.gz_B,0.5683,4.822720593769684,0.7475078942732394,415
length_300_6_88,4nar.cif.gz_A,0.4745,6.858849840021079,0.6712933984369438,300
length_140_0_4,4rxt.cif.gz_A,0.6247,0.763133610905899,0.9642545333838656,140
length_195_8_50,2es4.cif.gz_B,0.6809,1.0221670355466244,0.9521045621473014,195
length_385_7_8,7wag.cif.gz_A,0.478,6.232600955086109,0.7746449389080503,385
length_470_3_100,7agj.cif.gz_B,0.4002,11.772375480177145,0.5055492849109042,470
length_145_2_40,6o93.cif.gz_A,0.6899,0.6567137774794433,0.9709322926492036,145
length_260_6_8,3ziz.cif.gz_A,0.6763,4.077195177389897,0.8227422117521894,260
length_480_3_1,6ht8.cif.gz_B,0.4212,14.185307567343244,0.568931238130611,480
length_345_0_32,1nfg.cif.gz_A,0.5325,2.843846768565112,0.8418080161978244,345
length_100_7_100,6usf.cif.gz_A,0.5766,0.7395163151243819,0.9521142246475692,100
length_210_8_80,8fbi.cif.gz_A,0.5952,0.6943285809978756,0.9798391523050728,210
length_485_7_30,1h49.cif.gz_B,0.4756,8.67750218158751,0.5758693607231535,485
length_350_7_71,2qw5.cif.gz_B,0.5975,7.585047251094451,0.6401072857498684,350
length_155_0_53,7rs5.cif.gz_K,0.4809,4.611428597235926,0.7758172729268934,155
length_425_6_16,4gze.cif.gz_B,0.5435,7.66061948801981,0.6242313386786641,425
length_360_5_45,2j7h.cif.gz_A,0.4898,6.80787692182037,0.5992126125740741,360
length_220_6_10,7p62.cif.gz_N,0.5981,0.7350914900349411,0.975735758568204,220
length_280_9_29,8asv.cif.gz_C,0.5481,7.092270941058127,0.6937645645348406,280
length_335_2_81,2wze.cif.gz_B,0.5043,5.414426102602167,0.7144070122677859,335
length_440_8_75,4av6.cif.gz_B,0.4409,14.273193408109393,0.5050840764598934,440
length_185_8_52,3c2u.cif.gz_C,0.5241,9.61089637358146,0.5709561776693941,185
length_250_5_20,6tpc.cif.gz_C,0.7243,2.242739203357868,0.8899707838256266,250
length_100_3_32,5xij.cif.gz_D,0.5896,1.415717313544136,0.8605837281412674,100
length_385_6_29,4hln.cif.gz_A,0.4918,2.787147682688844,0.8818387416207054,385
length_400_0_19,4rhk.cif.gz_A,0.4403,4.255785514819012,0.8030279091554273,400
length_155_8_8,8oup.cif.gz_D,0.7918,0.7117974783964909,0.9724211135807678,155
length_215_4_15,3ed1.cif.gz_C,0.6208,4.103150862877181,0.7516618058763495,215
length_330_9_24,7z0t.cif.gz_C,0.5128,5.283875264285438,0.8522113143939869,330
length_140_4_68,3fyq.cif.gz_A,0.6086,0.5292877625943752,0.982829457786055,140
length_200_6_25,6dvo.cif.gz_A,0.4924,1.3816223577223234,0.9258631668679396,200
length_395_0_20,8iyj.cif.gz_SM,0.4222,8.09974189872436,0.6575383611925274,395
length_170_8_44,6ziz.cif.gz_B,0.9241,0.8429997115008706,0.9624185086076494,170
length_215_0_2,5k0g.cif.gz_B,0.8445,0.8460511401997329,0.9710549286751494,215
length_175_3_14,3a3k.cif.gz_B,0.6808,1.0974462193003154,0.9377036149651654,175
length_385_0_68,6g72.cif.gz_M,0.5032,13.56192305157871,0.5684579494789807,385
length_235_2_66,3ijr.cif.gz_B,0.6492,1.5416420678644789,0.9177256338073446,235
length_310_0_34,2xhy.cif.gz_A,0.5462,4.790830555766799,0.7369783745502676,310
length_230_2_42,3c0y.cif.gz_C,0.6095,2.05809056386033,0.8821992232059694,230
length_385_9_15,3lpl.cif.gz_B,0.4524,13.89906639632338,0.5236197783888487,385
length_455_9_88,7r4g.cif.gz_L,0.4165,13.0976032639679,0.5169225121330229,455
length_205_8_54,4zdi.cif.gz_H,0.7109,1.331075561669776,0.9356436969205426,205
length_180_2_93,1krm.cif.gz_A,0.6104,6.810643414900418,0.6838906195218262,180
length_230_1_85,5ur2.cif.gz_B,0.5809,1.596981955610781,0.9183674892974508,230
length_390_4_41,4zt3.cif.gz_B,0.4302,2.254860544285961,0.9042692421237734,390
length_170_4_12,3oeh.cif.gz_T,0.4676,3.154664430193059,0.7483385026478363,170
length_180_6_89,7tx8.cif.gz_D,0.5248,1.488561083765785,0.9084537803434236,180
length_245_9_45,5thk.cif.gz_F,0.6045,1.4117015762002734,0.9349969670978184,245
length_370_6_35,5iko.cif.gz_A,0.4644,1.4536025571558018,0.9518425006971694,370
length_115_0_61,5fec.cif.gz_H,0.7109,2.638583562046605,0.7470592724368096,115
length_470_0_49,7vls.cif.gz_A,0.4436,11.586693581107996,0.5776508898857848,470
length_215_8_16,1vcn.cif.gz_A,0.6477,3.003999265023178,0.8381184430144663,215
length_140_1_16,3bow.cif.gz_A,0.6728,8.821767326312456,0.6243287107029197,140
length_380_1_88,6k8s.cif.gz_A,0.4875,5.405233548567912,0.7822239655474746,380
length_425_1_94,6qxa.cif.gz_B,0.483,3.592384492343068,0.8234578891725727,425
length_385_4_72,1a0e.cif.gz_D,0.5611,1.654841564854305,0.9429360851678534,385
length_450_1_47,6zjy.cif.gz_L,0.4343,15.904963396429803,0.5001489777167667,450
length_145_7_79,4xvy.cif.gz_B,0.6608,1.5675035075077997,0.887771633444288,145
length_430_5_45,4d72.cif.gz_A,0.512,2.9805344042957667,0.866570026067924,430
length_235_6_29,1nq0.cif.gz_A,0.601,1.292300658151655,0.9421323249478262,235
length_365_9_77,4xc7.cif.gz_A,0.5668,7.996538057994306,0.6514351537987474,365
length_460_9_64,7p69.cif.gz_M,0.4642,13.23550578940556,0.5360512789038604,460
length_170_3_77,4pzy.cif.gz_B,0.9015,0.9728761013849636,0.951252916696516,170
length_290_1_60,5od2.cif.gz_A,0.6336,1.696852582663772,0.9261300034197756,290
length_210_3_59,5jsc.cif.gz_C,0.5102,5.4848259722372426,0.6867601919935876,210
length_180_4_32,1got.cif.gz_A,0.6683,1.0117347242420756,0.9494878267596668,180
length_420_6_87,7moc.cif.gz_A,0.5362,2.454188866161507,0.8893723580574511,420
length_230_8_12,1u2x.cif.gz_A,0.5944,2.716837876058197,0.8491800784955511,230
length_495_1_61,3zgq.cif.gz_A,0.4253,7.099932649200228,0.6876486751636338,495
length_395_3_8,6exs.cif.gz_A,0.4605,8.101706235238114,0.5592560079861131,395
length_440_2_82,7eeb.cif.gz_L,0.4985,4.187386046497536,0.8064698065373883,440
length_285_2_93,5jvl.cif.gz_B,0.5968,2.5477426795829623,0.8523101135218983,285
length_335_5_16,7z87.cif.gz_A,0.6115,1.062558669415104,0.9671570469977648,335
length_240_9_26,4zi5.cif.gz_B,0.6049,2.230954155216649,0.8748567838969967,240
length_190_8_86,7e5t.cif.gz_B,0.4842,3.92954145392993,0.6798588485591658,190
length_275_3_37,3f2a.cif.gz_A,0.8861,1.2352328356719562,0.9523240818371926,275
length_290_6_42,3mmt.cif.gz_B,0.525,4.798528650692919,0.706183296183826,290
length_230_6_18,3tma.cif.gz_A,0.4969,1.4512968772916224,0.9252106274267592,230
length_185_9_89,5dul.cif.gz_A,0.7051,1.140664508652906,0.9401099458819384,185
length_215_7_98,4lhd.cif.gz_B,0.5392,1.1853033879595274,0.9438897049781326,215
length_245_3_12,1ovl.cif.gz_E,0.6198,0.9029065339043334,0.9705728308138816,245
length_195_4_53,7z7d.cif.gz_B,0.6754,0.857653580899589,0.9667909291684602,195
length_410_2_40,1h0i.cif.gz_B,0.5019,4.860557412218839,0.7583184117883882,410
length_480_4_73,5wka.cif.gz_C,0.499,7.590592800809361,0.6636251699656369,480
length_465_4_72,5gpj.cif.gz_D,0.4068,13.89143931553222,0.5114964418002923,465
length_485_1_76,5gpj.cif.gz_B,0.433,4.630136052668992,0.7585659845151811,485
length_435_5_26,7q1w.cif.gz_A,0.469,8.187505883275985,0.6747323002545409,435
length_415_0_51,6afs.cif.gz_B,0.491,8.877019586105122,0.6745019201686447,415
length_220_0_20,5xvs.cif.gz_A,0.6313,2.6585409754210736,0.8120450117489574,220
length_240_2_5,7wjl.cif.gz_A,0.5767,1.7782515544740554,0.904104130901107,240
length_180_5_1,4ge1.cif.gz_A,0.8206,1.3129724310313788,0.9257364532382172,180
length_420_9_78,7vdc.cif.gz_A,0.5029,7.946215538964333,0.6415435679271225,420
length_345_4_41,3air.cif.gz_A,0.6186,1.8504938217753029,0.9199935605335532,345
length_100_0_8,6nwr.cif.gz_B,0.6086,1.374624447500821,0.8670159738747506,100
length_255_8_18,8ghx.cif.gz_A,0.7729,1.3158644484528907,0.9411582827259308,255
length_110_0_99,3uw9.cif.gz_A,0.9694,0.5507279017795879,0.973534423441734,110
length_100_8_37,7jn0.cif.gz_A,0.6896,0.742861016360898,0.9541056883050076,100
length_300_9_85,4av6.cif.gz_A,0.5428,9.54582098927664,0.5012335064991864,300
length_120_9_94,7cci.cif.gz_A,0.8669,0.5750691783398106,0.9723410669324918,120
length_170_2_82,7scw.cif.gz_A,0.8731,0.8977371956040606,0.9536139413108634,170
length_170_1_17,6fa1.cif.gz_B,0.9794,0.5949436650779718,0.9822029423292424,170
length_230_5_11,8a9j.cif.gz_A,0.5288,1.5421586651026762,0.9206913355360185,230
length_380_4_75,5vyj.cif.gz_D,0.5676,5.280733371071749,0.7807806781893667,380
length_435_3_100,8ojf.cif.gz_B,0.3828,11.702767170797124,0.5126856767392406,435
length_130_9_96,4tt6.cif.gz_A,0.933,0.5561862555774333,0.9763542719660412,130
length_365_6_37,3w53.cif.gz_A,0.5813,8.631171007249387,0.6589521897352136,365
length_275_1_9,2b4s.cif.gz_A,0.7749,1.871992079659404,0.9003738383513457,275
length_295_6_7,7bip.cif.gz_A,0.5425,4.018134733099855,0.7390152001601458,295
length_485_6_25,4mfe.cif.gz_B,0.4199,13.691060644773318,0.5831238509585596,485
length_155_7_5,7bv3.cif.gz_A,0.7273,0.7613301827032457,0.969276406859758,155
length_240_4_65,3tzq.cif.gz_A,0.6048,3.980283786776676,0.8283736801229777,240
length_250_6_24,8aum.cif.gz_A,0.7045,4.822441228062844,0.7245659553349888,250
length_325_9_81,5ts8.cif.gz_A,0.8867,1.19728452769339,0.9565360416437142,325
length_150_7_83,2dc3.cif.gz_B,0.8551,0.9271429302979042,0.9481860792125664,150
length_250_2_4,3l5a.cif.gz_A,0.5891,2.706045734710912,0.8652927158908634,250
length_295_0_1,6hxf.cif.gz_C,0.8574,1.174454918134735,0.9581430088267712,295
length_435_8_30,8hr7.cif.gz_M,0.3675,11.064199423126857,0.5223017000884294,435
length_455_6_25,7zmh.cif.gz_5,0.4576,10.32277715973998,0.5607538821550639,455
length_380_3_45,7xcn.cif.gz_D,0.4379,5.084899270609399,0.7736716155448731,380
length_335_9_69,8bt6.cif.gz_A,0.6619,1.3107018963513233,0.9563645696652509,335
length_135_5_5,3ppt.cif.gz_A,0.8964,0.7885353345143733,0.956865090111487,135
length_420_2_13,7nl2.cif.gz_B,0.5222,3.060120993633437,0.8600082381691763,420
length_375_6_75,6mwq.cif.gz_D,0.576,2.6562492860638085,0.869594891031223,375
length_130_7_31,3l7r.cif.gz_A,0.7064,1.1782380040321925,0.9176814189875454,130
length_100_4_86,3r5g.cif.gz_A,0.7105,0.989053066811547,0.9192100447315096,100
length_460_8_83,7r47.cif.gz_L,0.4103,8.963962886155372,0.5734669943948825,460
length_125_5_54,1f98.cif.gz_A,0.9736,0.670789431874106,0.9702682240339268,125
length_245_6_45,6y32.cif.gz_B,0.6386,0.936669487250779,0.9621890212197296,245
length_145_3_77,2mt9.cif.gz_MODEL_8_A,0.7803,0.5507200502701198,0.9807163434507036,145
length_115_1_49,5pny.cif.gz_B,0.8164,0.8042696274345204,0.9538005788216024,115
length_325_5_1,6ise.cif.gz_B,0.8961,1.332860159113775,0.9478921720021252,325
length_220_3_82,6b21.cif.gz_A,0.4769,4.46787577721024,0.8239729930740937,220
length_130_0_31,4tt6.cif.gz_A,0.9919,0.4950261353850094,0.9830505206557194,130
length_265_6_55,5cns.cif.gz_E,0.4721,3.373157257043624,0.8012229132874094,265
length_195_3_88,4fjq.cif.gz_A,0.4926,0.6883007192244406,0.9763921549586236,195
length_300_4_87,4rhk.cif.gz_A,0.4999,4.435051588228012,0.8181394870816746,300
length_445_4_41,6hfb.cif.gz_B,0.5635,5.843974539982303,0.7043133061166541,445
length_100_5_35,3fhk.cif.gz_F,0.7803,0.7786349994122834,0.9451929869358492,100
length_340_3_22,1v3m.cif.gz_A,0.5292,3.693745936769069,0.7835961759250988,340
length_370_0_95,7zc2.cif.gz_A,0.4184,13.678409416796212,0.5108484784916246,370
length_280_1_24,3t8v.cif.gz_A,0.5575,0.7771735449799159,0.981401585402961,280
length_180_3_16,3wrx.cif.gz_A,0.6729,3.299440471314376,0.7997195770171136,180
length_210_2_63,7r1e.cif.gz_B,0.4914,1.568165841406045,0.9179039513482442,210
length_370_3_55,3wd3.cif.gz_A,0.5572,5.100415677885491,0.7258755580114319,370
length_190_4_23,3am4.cif.gz_A,0.7082,1.3016494182611362,0.9257423373448534,190
length_320_8_16,7zk8.cif.gz_A,0.4792,7.1562578249752615,0.6556735918103611,320
length_440_3_8,3odm.cif.gz_G,0.4914,8.696935602680997,0.6067103950995485,440
length_420_4_82,1nfg.cif.gz_A,0.437,2.513096843412349,0.8872973137264237,420
length_490_0_78,7qo5.cif.gz_N,0.4635,9.698680881805377,0.6595670683334818,490
length_315_8_42,7pr9.cif.gz_B,0.6493,1.4689023258259546,0.9387880130108012,315
length_155_9_25,6v8s.cif.gz_J,0.6262,1.961884026514583,0.8631233013295612,155
length_445_1_8,5gl5.cif.gz_A,0.4231,4.433383215468207,0.7896852585264617,445
length_235_5_5,4k40.cif.gz_A,0.6055,3.189397175863093,0.8176750008309659,235
length_350_8_19,2o9t.cif.gz_A,0.6119,2.9072125284783925,0.8541189683824871,350
length_435_7_36,6afu.cif.gz_B,0.4232,13.540538658350178,0.5099944337329199,435
length_485_0_59,6o0h.cif.gz_D,0.4045,7.625709548827654,0.6721381630856891,485
length_445_3_5,1q6e.cif.gz_A,0.4659,7.518510551161325,0.6775093575400759,445
length_255_3_16,6dms.cif.gz_A,0.4334,9.345261106158643,0.5047142057483417,255
length_240_1_74,3koy.cif.gz_D,0.737,1.6869017201300034,0.90568021397038,240
length_265_9_71,3ziz.cif.gz_A,0.7575,3.8987549565325135,0.7578582813915007,265
length_170_6_10,4pzy.cif.gz_B,0.9102,1.023705832436791,0.9448107525917276,170
length_115_7_5,7ss8.cif.gz_A,0.9362,0.6280704632035431,0.9684294717536742,115
length_260_8_91,3epp.cif.gz_A,0.5862,3.426475243058401,0.8602792003498855,260
length_315_1_80,5t9g.cif.gz_A,0.4682,9.05297215385242,0.6600603810321144,315
length_470_5_91,7wit.cif.gz_A,0.5353,11.187035677890083,0.5843016611554462,470
length_340_9_20,4fd3.cif.gz_A,0.42,1.858686905659096,0.916854938023446,340
length_285_4_34,6jmn.cif.gz_A,0.5928,5.332569419465853,0.6704184694662284,285
length_165_9_15,6vfk.cif.gz_B,0.7854,1.0979851919983905,0.9428947751842864,165
length_220_5_15,1lt8.cif.gz_B,0.5129,6.39642537338585,0.7127018820238703,220
length_225_5_64,7lt4.cif.gz_A,0.5394,5.867980990813049,0.6067098979275479,225
length_405_1_96,4onj.cif.gz_A,0.414,15.414074176253832,0.5813646318860926,405
length_330_2_67,4bbm.cif.gz_A,0.7482,1.6449039234550094,0.9305746579717528,330
length_475_7_80,7ar7.cif.gz_L,0.4726,11.667237691531511,0.5180800148804999,475
length_120_8_16,2nt4.cif.gz_A,0.8417,0.7036897591713412,0.962809113079106,120
length_140_9_35,2bru.cif.gz_MODEL_7_A,0.6453,0.9601933165077002,0.9435078028875544,140
length_375_4_88,3vkk.cif.gz_A,0.4888,3.1837044727324124,0.8317863858402589,375
length_365_0_28,7zka.cif.gz_A,0.4805,2.896125372488436,0.8694660267575441,365
length_285_8_6,1gq6.cif.gz_B,0.5488,3.83957056411242,0.8072168991977862,285
length_365_4_67,5mlq.cif.gz_B,0.4124,3.409504533182299,0.8075553932299593,365
length_175_1_20,4m57.cif.gz_A,0.6624,1.4264034032748802,0.915828672710401,175
length_230_0_23,6tng.cif.gz_A,0.667,1.576816449036923,0.9243447234273184,230
length_340_2_1,7qkr.cif.gz_A,0.48,3.380171477058969,0.8140154163086281,340
length_345_9_98,8auj.cif.gz_B,0.5789,5.668626626302966,0.7557031751801224,345
length_445_9_57,7zk4.cif.gz_A,0.4763,12.521988773946656,0.5639185824755734,445
length_155_6_65,6e9v.cif.gz_Q,0.5491,7.446278716810338,0.6340674802176643,155
length_390_9_16,8i4b.cif.gz_A,0.405,13.661905571555904,0.5166103220166132,390
length_410_8_72,7zk4.cif.gz_A,0.5567,7.047208990627653,0.619063160943928,410
length_130_2_43,1ip3.cif.gz_B,0.9908,0.4813128643681641,0.9829037341164188,130
length_145_0_86,2w6x.cif.gz_A,0.8745,0.8121986762222844,0.9602004443840192,145
length_295_7_38,7l16.cif.gz_A,0.5646,1.4121350919555853,0.9369496094424152,295
length_165_1_70,4l06.cif.gz_A,0.5796,0.7999608775122649,0.9651381145089076,165
length_135_6_90,7une.cif.gz_M,0.5749,3.1455921743894484,0.7305603125943503,135
length_450_0_59,7zka.cif.gz_A,0.5395,3.292324451545286,0.8486093172307313,450
length_140_5_29,3ngo.cif.gz_A,0.5819,0.8366140896237197,0.9584943212833352,140
length_165_3_100,3kzv.cif.gz_A,0.7389,1.6815484696665026,0.8830877912294102,165
length_120_2_46,3luf.cif.gz_A,0.8696,0.8424007182758992,0.9481462489370688,120
length_485_3_42,5req.cif.gz_C,0.4394,17.554533858797548,0.516474446363655,485
length_495_4_22,4dws.cif.gz_C,0.5071,7.592973869074199,0.7554585525345051,495
length_280_3_44,3cly.cif.gz_A,0.8872,1.1731999806280855,0.954786648703551,280
length_400_8_22,5gpj.cif.gz_B,0.5052,6.523686153740877,0.6587579566031379,400
length_260_3_34,4ay7.cif.gz_A,0.7315,1.3421099158968566,0.937863104929149,260
length_435_6_83,4qnw.cif.gz_A,0.5141,5.524583617553652,0.7414543892471303,435
length_405_3_80,7p62.cif.gz_L,0.4765,9.50798057209843,0.5413137717824893,405
length_390_8_8,2vrq.cif.gz_C,0.594,5.395389826680737,0.8024803903985539,390
length_125_0_33,7khh.cif.gz_D,0.9735,0.9057909859343104,0.946270311493579,125
length_345_6_43,1ezw.cif.gz_A,0.4305,8.271149318644445,0.6831453682025344,345
length_240_6_20,3ljs.cif.gz_A,0.6401,1.5481521427329823,0.9242011897686198,240
length_415_1_93,6hxh.cif.gz_F,0.4125,14.298794146912805,0.6026812096017853,415
length_375_9_50,7ubu.cif.gz_A,0.4736,3.5879250289052567,0.8188789767906792,375
length_115_9_94,1ls4.cif.gz_MODEL_19_A,0.7268,1.000102595113494,0.9256540004786736,115
length_225_1_93,3mux.cif.gz_B,0.5725,0.9507364513582752,0.9634552237473638,225
length_255_4_10,1h0i.cif.gz_B,0.6149,1.6613736469045768,0.915126750079828,255
length_265_4_98,8g92.cif.gz_A,0.4744,5.359063674984768,0.6913355803185182,265
length_160_9_47,6gu8.cif.gz_A,0.4706,2.522239265068161,0.7894686396051537,160
length_325_7_98,2jal.cif.gz_A,0.6429,2.093516650143828,0.8991918755264382,325
length_325_1_86,6v3o.cif.gz_G,0.6031,5.212679343605903,0.7400045726929001,325
length_255_1_64,1wcg.cif.gz_A,0.5694,3.3983856216856503,0.7911125910420518,255
